model,consistency_score,range_precision_ratio_median,normalized_euclidean_dist,jaccard_index,zero_overlaps
iML1515_GEM_fva_results,0.782608695652174,18.050973094352845,203.36085273227332,0.06363697671138667,10
iML1515_GEM_pre_tuning_fva_results,0.4782608695652174,4.049895433209082,467.12642362534893,0.06407426346317517,24
iML1515_GEM_cobra_fva_results,0.8043478260869565,157.30228509407564,61.38843488340523,0.008297081244633743,9
