model,consistency_score,range_precision_ratio_median,normalized_euclidean_dist,jaccard_index,zero_overlaps
kinGEMs FVA,0.8260869565217391,19.603489768738534,227.5965719178032,0.06211321658683235,8
COBRA FVA,0.9565217391304348,299.7663747417168,0.5957281217275867,0.028442966180902352,2
kinGEMs FVA (pre-tuning),0.4782608695652174,4.049895433209082,467.12642362534893,0.06407426346317517,24
COBRA FVA,0.9565217391304348,299.7663747417168,0.5957281217275867,0.028442966180902352,2
