model,consistency_score,range_precision_ratio_median,normalized_euclidean_dist,mean_to_mean_distance,jaccard_index,zero_overlaps,avg_interval_width_fva,std_interval_width_fva,avg_interval_width_mfa,std_interval_width_mfa
kinGEMs FVA,0.9347826086956522,248.3923191180382,0.643550296435552,5.186595716011176,0.03170057643087319,3,749.1225208639803,934.4307367740611,0.3602053760217391,0.5041531563111019
kinGEMs FVA (pre-tuning),0.4782608695652174,4.049895433209082,467.12642362534893,2.610843034302769,0.06407426346317517,24,131.42026019009742,454.3215988700313,0.3602053760217391,0.5041531563111019
Baseline GEM,0.9565217391304348,299.7663747416959,0.5957281217275867,6.525444045389223,0.028442966180902363,2,838.3945765243327,985.1170138812956,0.36020537602173913,0.5041531563111019
