model,consistency_score,range_precision_ratio_median,normalized_euclidean_dist,jaccard_index,zero_overlaps
COBRA FVA,0.9565217391304348,299.76637474167933,0.5957281217275241,0.028442966180902477,2
kinGEMs FVA (pre-tuning),0.7391304347826086,15.60378108510254,387.00578959686055,0.05716345579756143,12
kinGEMs FVA,0.9130434782608695,27.7231454128015,169.4849533914921,0.05591038961388524,4
