Iteration,Biomass
0,0.018493372840144375
1,0.018493372840146356
2,0.018493372840146734
3,0.018493372838131322
4,0.018493372840142276
5,0.018493372840146325
6,0.018493372840147435
7,0.018493372840146353
8,0.01849337284014364
9,0.018493372840142044
10,0.018493372840143484
