Iteration,Biomass
0,0.6176486412573912
1,0.6176486412573912
2,0.6176486412573912
3,0.6176486412573912
4,0.6176486412573912
