Iteration,Biomass
0,0.255960300472493
1,0.288049473526128
2,0.374597196118136
3,0.455536871663047
4,0.493352962103022
5,0.517941390374955
