Iteration,Biomass
0,0.281206795810302
1,0.271588211369354
2,0.343911297595393
3,0.372642107596064
4,0.40645637010779
5,0.429969180775475
6,0.450470218875925
7,0.464681849072784
8,0.478690106642074
9,0.484170477270518
10,0.484170477266273
11,0.484170477265345
12,0.484170477268619
13,0.484170477264088
14,0.484170477274506
