Iteration,Biomass
0,0.018493372840142488
1,0.01849337284014439
2,0.018493372840144937
3,0.01849337284014315
4,0.018493372838130684
5,0.018493372840145853
6,0.018493372840143834
7,0.018493372840142856
8,0.018493372840147793
9,0.018493372840142776
10,0.018493372840139834
