Iteration,Biomass
0,0.61764864127541
1,0.61764864127541
2,0.61764864127541
3,0.61764864127541
4,0.61764864127541
